sku,barcode,name,category,unit_of_measure,cost_price,sell_price,reorder_point,safety_stock,is_perishable,preferred_supplier_id,location_code,bin_code,quantity_on_hand
HW-WSC-S-001,891100200001,Wood Screws 25 mm - 50 pack,Fasteners,box,57.84,72.60,11,5,false,,INDIRANAGAR,A-840-LKO,15
HW-WSC-M-002,891100200002,Wood Screws 50 mm - 50 pack,Fasteners,box,114.10,147.19,18,8,false,,INDIRANAGAR,A-840-LKO,22
HW-WSC-L-003,891100200003,Wood Screws 75 mm - 100 pack,Fasteners,box,276.32,366.12,25,11,false,,INDIRANAGAR,A-840-LKO,29
HW-MSB-S-004,891100200004,Machine Bolts M6 x 30 mm - 20 pack,Fasteners,box,92.74,126.12,32,14,false,,INDIRANAGAR,A-840-LKO,36
HW-MSB-M-005,891100200005,Machine Bolts M8 x 50 mm - 20 pack,Fasteners,box,182.50,254.59,39,17,false,,INDIRANAGAR,A-840-LKO,43
HW-MSB-L-006,891100200006,Machine Bolts M10 x 80 mm - 25 pack,Fasteners,box,373.75,534.46,46,2,false,,INDIRANAGAR,A-840-LKO,11
HW-HXN-S-007,891100200007,Hex Nuts M6 - 50 pack,Fasteners,box,60.81,89.09,5,5,false,,INDIRANAGAR,A-840-LKO,18
HW-HXN-M-008,891100200008,Hex Nuts M8 - 50 pack,Fasteners,box,119.95,146.34,12,8,false,,INDIRANAGAR,A-840-LKO,25
HW-HXN-L-009,891100200009,Hex Nuts M10 - 100 pack,Fasteners,box,290.49,364.56,19,11,false,,INDIRANAGAR,A-840-LKO,32
HW-WSH-S-010,891100200010,Flat Washers M6 - 50 pack,Fasteners,pack,38.71,49.93,26,14,false,,INDIRANAGAR,A-840-LKO,39
HW-WSH-M-011,891100200011,Flat Washers M8 - 100 pack,Fasteners,pack,76.18,100.93,0,17,false,,INDIRANAGAR,A-840-LKO,46
HW-WSH-L-012,891100200012,Flat Washers M10 - 200 pack,Fasteners,box,156.00,212.16,40,2,false,,INDIRANAGAR,A-840-LKO,14
HW-NAIL-S-013,891100200013,Common Nails 25 mm - 500 g,Fasteners,box,53.40,74.49,47,0,false,,INDIRANAGAR,A-840-LKO,21
HW-NAIL-M-014,891100200014,Common Nails 50 mm - 1 kg,Fasteners,box,105.32,150.61,6,8,false,,INDIRANAGAR,A-840-LKO,28
HW-NAIL-L-015,891100200015,Common Nails 75 mm - 5 kg,Fasteners,box,255.06,373.66,13,11,false,,INDIRANAGAR,A-840-LKO,35
HW-ANCH-S-016,891100200016,Wall Anchors 6 mm - 25 pack,Fasteners,pack,52.42,63.95,20,14,false,,INDIRANAGAR,A-840-LKO,42
HW-ANCH-M-017,891100200017,Wall Anchors 8 mm - 50 pack,Fasteners,box,103.15,129.46,27,17,false,,INDIRANAGAR,A-840-LKO,10
HW-ANCH-L-018,891100200018,Wall Anchors 10 mm - 100 pack,Fasteners,box,211.25,272.51,34,2,false,,INDIRANAGAR,A-840-LKO,17
HW-HAM-S-019,,Claw Hammer 250 g,Hand Tools,piece,181.69,240.74,41,5,false,,INDIRANAGAR,A-840-LKO,24
HW-HAM-M-020,891100200020,Claw Hammer 500 g,Hand Tools,piece,358.39,487.40,48,8,false,,INDIRANAGAR,A-840-LKO,31
HW-HAM-L-021,891100200021,Claw Hammer 750 g fiberglass handle,Hand Tools,piece,867.91,1210.74,7,11,false,,INDIRANAGAR,A-840-LKO,38
HW-SDR-S-022,891100200022,Screwdriver Set 2-piece,Hand Tools,set,145.15,207.57,0,14,false,,INDIRANAGAR,A-840-LKO,45
HW-SDR-M-023,891100200023,Screwdriver Set 6-piece,Hand Tools,set,285.66,418.49,21,17,false,,INDIRANAGAR,A-840-LKO,0
HW-SDR-L-024,891100200024,Screwdriver Set 12-piece precision set,Hand Tools,set,585.00,713.70,28,2,false,,INDIRANAGAR,A-840-LKO,20
HW-PLR-S-025,891100200025,Combination Pliers 150 mm,Hand Tools,piece,159.44,200.10,35,5,false,,INDIRANAGAR,A-840-LKO,27
HW-PLR-M-026,891100200026,Combination Pliers 200 mm,Hand Tools,piece,314.50,405.71,42,0,false,,INDIRANAGAR,A-840-LKO,34
HW-PLR-L-027,891100200027,Combination Pliers 250 mm insulated,Hand Tools,piece,761.64,1009.17,49,11,false,,INDIRANAGAR,A-840-LKO,41
HW-WRN-S-028,891100200028,Adjustable Wrench 150 mm,Hand Tools,piece,209.66,285.14,8,14,false,,INDIRANAGAR,A-840-LKO,9
HW-WRN-M-029,891100200029,Adjustable Wrench 250 mm,Hand Tools,piece,412.62,575.60,15,17,false,,INDIRANAGAR,A-840-LKO,16
HW-WRN-L-030,891100200030,Adjustable Wrench 350 mm,Hand Tools,piece,845.00,1208.35,22,2,false,,INDIRANAGAR,A-840-LKO,23
HW-CHSL-S-031,891100200031,Cold Chisel 150 mm,Hand Tools,piece,100.12,146.67,29,5,false,,INDIRANAGAR,A-840-LKO,30
HW-CHSL-M-032,891100200032,Cold Chisel 250 mm,Hand Tools,piece,197.48,240.92,36,8,false,,INDIRANAGAR,A-840-LKO,37
HW-CHSL-L-033,891100200033,Cold Chisel 3-piece set,Hand Tools,set,478.24,600.19,0,11,false,,INDIRANAGAR,A-840-LKO,44
HW-TAPE-S-034,891100200034,Measuring Tape 3 m,Hand Tools,piece,76.61,98.82,50,14,false,,INDIRANAGAR,A-840-LKO,12
HW-TAPE-M-035,891100200035,Measuring Tape 5 m,Hand Tools,piece,150.76,199.76,9,17,false,,INDIRANAGAR,A-840-LKO,19
HW-TAPE-L-036,891100200036,Measuring Tape 10 m,Hand Tools,piece,308.75,419.90,16,2,false,,INDIRANAGAR,A-840-LKO,26
HW-KNIFE-S-037,891100200037,Utility Knife 9 mm,Hand Tools,piece,50.43,70.35,23,5,false,,INDIRANAGAR,A-840-LKO,33
HW-KNIFE-M-038,,Utility Knife 18 mm,Hand Tools,piece,99.47,142.24,30,8,false,,INDIRANAGAR,A-840-LKO,40
HW-KNIFE-L-039,891100200039,Utility Knife heavy-duty with 10 blades,Hand Tools,set,240.89,352.90,37,0,false,,INDIRANAGAR,A-840-LKO,8
HW-HSAW-S-040,891100200040,Hand Saw 300 mm,Hand Tools,piece,181.44,221.36,44,14,false,,INDIRANAGAR,A-840-LKO,15
HW-HSAW-M-041,891100200041,Hand Saw 450 mm,Hand Tools,piece,357.07,448.13,51,17,false,,INDIRANAGAR,A-840-LKO,22
HW-HSAW-L-042,891100200042,Hand Saw 600 mm professional,Hand Tools,piece,731.25,943.31,10,2,false,,INDIRANAGAR,A-840-LKO,29
HW-DRILL-S-043,891100200043,Electric Drill 450 W 10 mm,Power Tools,piece,1223.64,1621.32,17,5,false,,INDIRANAGAR,A-840-LKO,36
HW-DRILL-M-044,891100200044,Electric Drill 650 W 13 mm impact,Power Tools,piece,2413.62,3282.52,0,8,false,,INDIRANAGAR,A-840-LKO,43
HW-DRILL-L-045,891100200045,Electric Drill 850 W 13 mm impact kit,Power Tools,kit,5845.13,8153.95,31,11,false,,INDIRANAGAR,A-840-LKO,11
HW-GRIND-S-046,891100200046,Angle Grinder 650 W 100 mm,Power Tools,piece,1491.84,2133.33,38,14,false,,INDIRANAGAR,A-840-LKO,0
HW-GRIND-M-047,891100200047,Angle Grinder 900 W 115 mm,Power Tools,piece,2935.95,4301.17,45,17,false,,INDIRANAGAR,A-840-LKO,25
HW-GRIND-L-048,891100200048,Angle Grinder 1400 W 125 mm kit,Power Tools,kit,6012.50,7335.25,4,2,false,,INDIRANAGAR,A-840-LKO,32
HW-CSAW-S-049,891100200049,Circular Saw 1200 W 165 mm,Power Tools,piece,2410.20,3024.80,11,5,false,,INDIRANAGAR,A-840-LKO,39
HW-CSAW-M-050,891100200050,Circular Saw 1500 W 185 mm,Power Tools,piece,4754.10,6132.79,18,8,false,,INDIRANAGAR,A-840-LKO,46
HW-CSAW-L-051,891100200051,Circular Saw 1800 W 235 mm,Power Tools,piece,11513.13,15254.89,25,11,false,,INDIRANAGAR,A-840-LKO,14
HW-JSAW-S-052,891100200052,Jigsaw 400 W,Power Tools,piece,1774.08,2412.75,32,0,false,,INDIRANAGAR,A-840-LKO,21
HW-JSAW-M-053,891100200053,Jigsaw 650 W variable speed,Power Tools,piece,3491.40,4870.50,39,17,false,,INDIRANAGAR,A-840-LKO,28
HW-JSAW-L-054,891100200054,Jigsaw 750 W orbital kit,Power Tools,kit,7150.00,10224.50,46,2,false,,INDIRANAGAR,A-840-LKO,35
HW-SAND-S-055,891100200055,Orbital Sander 180 W,Power Tools,piece,1409.04,2064.24,0,5,false,,INDIRANAGAR,A-840-LKO,42
HW-SAND-M-056,891100200056,Orbital Sander 300 W variable speed,Power Tools,piece,2779.32,3390.77,12,8,false,,INDIRANAGAR,A-840-LKO,10
HW-SAND-L-057,,Orbital Sander 450 W dust extraction kit,Power Tools,kit,6730.75,8447.09,19,11,false,,INDIRANAGAR,A-840-LKO,17
HW-WIRE-S-058,891100200058,Copper Electrical Wire 1.0 sq mm - 10 m,Electrical,roll,419.33,540.93,26,14,false,,INDIRANAGAR,A-840-LKO,24
HW-WIRE-M-059,891100200059,Copper Electrical Wire 1.5 sq mm - 90 m,Electrical,coil,825.24,1093.44,33,17,false,,INDIRANAGAR,A-840-LKO,31
HW-WIRE-L-060,891100200060,Copper Electrical Wire 2.5 sq mm - 90 m,Electrical,coil,1690.00,2298.40,40,2,false,,INDIRANAGAR,A-840-LKO,38
HW-SWIT-S-061,891100200061,Modular Switch 6 A 1-way,Electrical,piece,55.62,77.59,47,5,false,,INDIRANAGAR,A-840-LKO,45
HW-SWIT-M-062,891100200062,Modular Switch 16 A 1-way,Electrical,piece,109.71,156.89,6,8,false,,INDIRANAGAR,A-840-LKO,13
HW-SWIT-L-063,891100200063,Modular Switch 20 A double-pole,Electrical,piece,265.69,389.23,13,11,false,,INDIRANAGAR,A-840-LKO,20
HW-SOCK-S-064,891100200064,Electrical Socket 6 A 2-pin,Electrical,piece,76.61,93.46,20,14,false,,INDIRANAGAR,A-840-LKO,27
HW-SOCK-M-065,891100200065,Electrical Socket 6/16 A universal,Electrical,piece,150.76,189.21,27,0,false,,INDIRANAGAR,A-840-LKO,34
HW-SOCK-L-066,891100200066,Electrical Socket 32 A industrial,Electrical,piece,308.75,398.29,0,2,false,,INDIRANAGAR,A-840-LKO,41
HW-MCB-S-067,891100200067,Miniature Circuit Breaker 6 A single-pole,Electrical,piece,137.20,181.78,41,5,false,,INDIRANAGAR,A-840-LKO,9
HW-MCB-M-068,891100200068,Miniature Circuit Breaker 20 A single-pole,Electrical,piece,270.62,368.04,48,8,false,,INDIRANAGAR,A-840-LKO,16
HW-MCB-L-069,891100200069,Miniature Circuit Breaker 32 A double-pole,Electrical,piece,655.36,914.23,7,11,false,,INDIRANAGAR,A-840-LKO,0
HW-EXT-S-070,891100200070,Extension Board 3 socket 2 m,Electrical,piece,278.21,397.84,14,14,false,,INDIRANAGAR,A-840-LKO,30
HW-EXT-M-071,891100200071,Extension Board 4 socket 5 m,Electrical,piece,547.51,802.11,21,17,false,,INDIRANAGAR,A-840-LKO,37
HW-EXT-L-072,891100200072,Extension Board 6 socket 10 m surge protected,Electrical,piece,1121.25,1367.93,28,2,false,,INDIRANAGAR,A-840-LKO,44
HW-CTIE-S-073,891100200073,Nylon Cable Ties 100 mm - 100 pack,Electrical,pack,43.01,53.98,35,5,false,,INDIRANAGAR,A-840-LKO,12
HW-CTIE-M-074,891100200074,Nylon Cable Ties 200 mm - 100 pack,Electrical,pack,84.84,109.45,42,8,false,,INDIRANAGAR,A-840-LKO,19
HW-CTIE-L-075,891100200075,Nylon Cable Ties 300 mm - 200 pack,Electrical,box,205.47,272.24,49,11,false,,INDIRANAGAR,A-840-LKO,26
HW-ITAPE-S-076,,PVC Insulation Tape 10 m black,Electrical,roll,19.35,26.32,8,14,false,,INDIRANAGAR,A-840-LKO,33
HW-ITAPE-M-077,891100200077,PVC Insulation Tape 20 m assorted 5-pack,Electrical,pack,38.09,53.13,0,17,false,,INDIRANAGAR,A-840-LKO,40
HW-ITAPE-L-078,891100200078,PVC Insulation Tape 20 m assorted 20-pack,Electrical,box,78.00,111.54,22,0,false,,INDIRANAGAR,A-840-LKO,8
HW-PVC-S-079,891100200079,PVC Pipe 20 mm x 3 m,Plumbing,length,122.36,179.26,29,5,false,,INDIRANAGAR,A-840-LKO,15
HW-PVC-M-080,891100200080,PVC Pipe 32 mm x 3 m,Plumbing,length,241.36,294.46,36,8,false,,INDIRANAGAR,A-840-LKO,22
HW-PVC-L-081,891100200081,PVC Pipe 50 mm x 6 m,Plumbing,length,584.51,733.56,43,11,false,,INDIRANAGAR,A-840-LKO,29
HW-ELB-S-082,891100200082,PVC Elbow 20 mm - 10 pack,Plumbing,pack,56.45,72.82,50,14,false,,INDIRANAGAR,A-840-LKO,36
HW-ELB-M-083,891100200083,PVC Elbow 32 mm - 10 pack,Plumbing,pack,111.09,147.19,9,17,false,,INDIRANAGAR,A-840-LKO,43
HW-ELB-L-084,891100200084,PVC Elbow 50 mm - 20 pack,Plumbing,box,227.50,309.40,16,2,false,,INDIRANAGAR,A-840-LKO,11
HW-VALVE-S-085,891100200085,Brass Ball Valve 15 mm,Plumbing,piece,211.36,294.84,23,5,false,,INDIRANAGAR,A-840-LKO,18
HW-VALVE-M-086,891100200086,Brass Ball Valve 25 mm,Plumbing,piece,416.90,596.16,30,8,false,,INDIRANAGAR,A-840-LKO,25
HW-VALVE-L-087,891100200087,Brass Ball Valve 40 mm,Plumbing,piece,1009.61,1479.08,37,11,false,,INDIRANAGAR,A-840-LKO,32
HW-TAP-S-088,891100200088,Bib Tap PVC 15 mm,Plumbing,piece,157.25,191.84,0,14,false,,INDIRANAGAR,A-840-LKO,39
HW-TAP-M-089,891100200089,Bib Tap brass 15 mm,Plumbing,piece,309.46,388.38,51,17,false,,INDIRANAGAR,A-840-LKO,46
HW-TAP-L-090,891100200090,Bib Tap chrome-plated 20 mm,Plumbing,piece,633.75,817.54,10,2,false,,INDIRANAGAR,A-840-LKO,14
HW-PTFE-S-091,891100200091,PTFE Thread Seal Tape 12 mm x 10 m,Plumbing,roll,16.32,21.62,17,0,false,,INDIRANAGAR,A-840-LKO,21
HW-PTFE-M-092,891100200092,PTFE Thread Seal Tape 19 mm x 15 m - 5 pack,Plumbing,pack,32.18,43.77,24,8,false,,INDIRANAGAR,A-840-LKO,0
HW-PTFE-L-093,891100200093,PTFE Thread Seal Tape 25 mm x 15 m - 20 pack,Plumbing,box,77.94,108.72,31,11,false,,INDIRANAGAR,A-840-LKO,35
HW-HCLP-S-094,891100200094,Stainless Hose Clamps 12-20 mm - 10 pack,Plumbing,pack,68.54,98.02,38,14,false,,INDIRANAGAR,A-840-LKO,42
HW-HCLP-M-095,,Stainless Hose Clamps 20-32 mm - 20 pack,Plumbing,box,134.89,197.62,45,17,false,,INDIRANAGAR,A-840-LKO,10
HW-HCLP-L-096,891100200096,Stainless Hose Clamps 32-50 mm - 50 pack,Plumbing,box,276.25,337.03,4,2,false,,INDIRANAGAR,A-840-LKO,17
HW-PAINT-S-097,891100200097,Interior Emulsion Paint 1 L white,Paint & Adhesives,can,237.31,297.83,11,5,false,,INDIRANAGAR,A-840-LKO,24
HW-PAINT-M-098,891100200098,Interior Emulsion Paint 4 L white,Paint & Adhesives,can,468.10,603.84,18,8,false,,INDIRANAGAR,A-840-LKO,31
HW-PAINT-L-099,891100200099,Interior Emulsion Paint 20 L white,Paint & Adhesives,bucket,1133.60,1502.02,0,11,false,,INDIRANAGAR,A-840-LKO,38
HW-PRIME-S-100,891100200100,Wall Primer 1 L,Paint & Adhesives,can,201.60,274.18,32,14,false,,INDIRANAGAR,A-840-LKO,45
HW-PRIME-M-101,891100200101,Wall Primer 4 L,Paint & Adhesives,can,396.75,553.47,39,17,false,,INDIRANAGAR,A-840-LKO,13
HW-PRIME-L-102,891100200102,Wall Primer 20 L,Paint & Adhesives,bucket,812.50,1161.88,46,2,false,,INDIRANAGAR,A-840-LKO,20
HW-BRUSH-S-103,891100200103,Paint Brush 25 mm,Paint & Adhesives,piece,43.01,63.01,5,5,false,,INDIRANAGAR,A-840-LKO,27
HW-BRUSH-M-104,891100200104,Paint Brush 50 mm,Paint & Adhesives,piece,84.84,103.51,12,0,false,,INDIRANAGAR,A-840-LKO,34
HW-BRUSH-L-105,891100200105,Paint Brush 100 mm - 6 pack,Paint & Adhesives,pack,205.47,257.86,19,11,false,,INDIRANAGAR,A-840-LKO,41
HW-ROLLER-S-106,891100200106,Paint Roller 100 mm,Paint & Adhesives,piece,84.67,109.23,26,14,false,,INDIRANAGAR,A-840-LKO,9
HW-ROLLER-M-107,891100200107,Paint Roller 225 mm,Paint & Adhesives,piece,166.63,220.79,33,17,false,,INDIRANAGAR,A-840-LKO,16
HW-ROLLER-L-108,891100200108,Paint Roller 225 mm 5-piece kit,Paint & Adhesives,kit,341.25,464.10,40,2,false,,INDIRANAGAR,A-840-LKO,23
HW-SEAL-S-109,891100200109,Silicone Sealant 100 ml clear,Paint & Adhesives,tube,107.53,150.01,47,5,false,,INDIRANAGAR,A-840-LKO,30
HW-SEAL-M-110,891100200110,Silicone Sealant 280 ml white,Paint & Adhesives,cartridge,212.11,303.31,0,8,false,,INDIRANAGAR,A-840-LKO,37
HW-SEAL-L-111,891100200111,Silicone Sealant 280 ml assorted 12-pack,Paint & Adhesives,box,513.66,752.52,13,11,false,,INDIRANAGAR,A-840-LKO,44
HW-EPOXY-S-112,891100200112,Two-Part Epoxy Adhesive 25 g,Paint & Adhesives,pack,76.61,93.46,20,14,false,,INDIRANAGAR,A-840-LKO,12
HW-EPOXY-M-113,891100200113,Two-Part Epoxy Adhesive 100 g,Paint & Adhesives,pack,150.76,189.21,27,17,false,,INDIRANAGAR,A-840-LKO,19
HW-EPOXY-L-114,,Two-Part Epoxy Adhesive 1 kg industrial kit,Paint & Adhesives,kit,308.75,398.29,34,2,false,,INDIRANAGAR,A-840-LKO,26
HW-GLOVE-S-115,891100200115,Work Gloves cotton grip,Safety Equipment,pair,63.04,83.52,41,5,false,,INDIRANAGAR,A-840-LKO,0
HW-GLOVE-M-116,891100200116,Work Gloves nitrile-coated,Safety Equipment,pair,124.34,169.10,48,8,false,,INDIRANAGAR,A-840-LKO,40
HW-GLOVE-L-117,891100200117,Work Gloves cut-resistant level 5,Safety Equipment,pair,301.11,420.05,7,0,false,,INDIRANAGAR,A-840-LKO,8
HW-GLASS-S-118,891100200118,Safety Glasses clear lens,Safety Equipment,piece,96.77,138.38,14,14,false,,INDIRANAGAR,A-840-LKO,15
HW-GLASS-M-119,891100200119,Safety Glasses smoke lens,Safety Equipment,piece,190.44,278.99,21,17,false,,INDIRANAGAR,A-840-LKO,22
HW-GLASS-L-120,891100200120,Safety Glasses anti-fog 10-pack,Safety Equipment,box,390.00,475.80,28,2,false,,INDIRANAGAR,A-840-LKO,29
